{
  "name": "gearsaw_palace:blue_bridge",
  "fallback": "minecraft:empty",
  "elements": [
    {
      "weight": 1,
      "element": {
        "element_type": "minecraft:single_pool_element",
        "location": "gearsaw_palace:blue_bridge_1",
        "projection": "rigid",
        "processors": "gearsaw_palace:compat"
      }
    },
	{
      "weight": 1,
      "element": {
        "element_type": "minecraft:single_pool_element",
        "location": "gearsaw_palace:blue_bridge_2",
        "projection": "rigid",
        "processors": "gearsaw_palace:compat"
      }
    },
	{
      "weight": 1,
      "element": {
        "element_type": "minecraft:single_pool_element",
        "location": "gearsaw_palace:blue_bridge_3",
        "projection": "rigid",
        "processors": "gearsaw_palace:compat"
      }
    },
	{
      "weight": 1,
      "element": {
        "element_type": "minecraft:single_pool_element",
        "location": "gearsaw_palace:blue_bridge_4",
        "projection": "rigid",
        "processors": "gearsaw_palace:compat"
      }
    },
	{
      "weight": 1,
      "element": {
        "element_type": "minecraft:single_pool_element",
        "location": "gearsaw_palace:blue_bridge_5",
        "projection": "rigid",
        "processors": "gearsaw_palace:compat"
      }
    },
	{
      "weight": 1,
      "element": {
        "element_type": "minecraft:single_pool_element",
        "location": "gearsaw_palace:blue_bridge_6",
        "projection": "rigid",
        "processors": "gearsaw_palace:compat"
      }
    }
  ]
}