{
  "name": "gearsaw_palace:pink_tower",
  "fallback": "minecraft:empty",
  "elements": [
    {
      "weight": 1,
      "element": {
        "element_type": "minecraft:single_pool_element",
        "location": "gearsaw_palace:pink_tower_1",
        "projection": "rigid",
        "processors": "gearsaw_palace:compat"
      }
    },
	{
      "weight": 1,
      "element": {
        "element_type": "minecraft:single_pool_element",
        "location": "gearsaw_palace:pink_tower_2",
        "projection": "rigid",
        "processors": "gearsaw_palace:compat_and_ice"
      }
    }
  ]
}