{
  "type": "minecraft:jigsaw",
  "biomes": "twilightforest:glacier",
  "step": "surface_structures",
  "terrain_adaptation": "none",
  "start_pool": "gearsaw_palace:entrance",
  "size": 7,
  "start_height": {
    "absolute": 15
  },
  "project_start_to_heightmap": "MOTION_BLOCKING",
  "max_distance_from_center": 128,
  "use_expansion_hack": false,
  "spawn_overrides": {
    "monster": {
      "bounding_box": "piece",
      "spawns": [
        {
          "type": "twilightforest:snow_guardian",
          "weight": 10,
          "minCount": 1,
          "maxCount": 2
        },
		{
          "type": "twilightforest:stable_ice_core",
          "weight": 10,
          "minCount": 1,
          "maxCount": 2
        }
      ]
    }
  }
}